Date,strategy,option_type,strike,expiry,dte,open,close,lot_size,pnl,iv_direction_correct
2022-03-03,data_driven,CE,16500.0,2022-03-10,7,435.9,267.05,50,-8442.499999999998,False
2022-03-07,data_driven,CE,15850.0,2022-03-10,3,233.85,237.15,50,165.00000000000057,True
2022-03-10,data_driven,PE,16600.0,2022-03-17,7,245.45,250.55,50,255.00000000000114,True
2022-03-16,data_driven,PE,17000.0,2022-03-17,1,210.9,131.85,50,-3952.5000000000005,False
2022-04-06,data_driven,PE,17800.0,2022-04-07,1,54.0,54.35,50,17.50000000000007,True
2022-04-27,data_driven,CE,17050.0,2022-04-28,1,98.35,79.4,50,-947.4999999999994,True
2022-05-04,data_driven,CE,16700.0,2022-05-05,1,403.25,88.95,50,-15715.0,True
2022-05-11,data_driven,CE,16150.0,2022-05-12,1,182.35,99.65,50,-4134.999999999999,True
2022-06-13,data_driven,CE,15750.0,2022-06-16,3,233.9,156.75,50,-3857.5000000000005,True
2022-06-20,data_driven,CE,15350.0,2022-06-23,3,170.0,138.5,50,-1575.0,False
2022-06-29,data_driven,CE,15800.0,2022-06-30,1,77.75,73.6,50,-207.50000000000028,True
2022-07-11,data_driven,PE,16200.0,2022-07-14,3,153.0,111.0,50,-2100.0,True
2022-08-04,data_driven,CE,17400.0,2022-08-11,7,199.95,160.0,50,-1997.4999999999995,True
2022-08-29,data_driven,CE,17300.0,2022-09-01,3,140.15,124.75,50,-770.0000000000002,True
2022-09-14,data_driven,CE,18000.0,2022-09-15,1,41.0,86.0,50,2250.0,True
2022-09-21,data_driven,PE,17700.0,2022-09-22,1,75.95,110.3,50,1717.4999999999998,True
2022-09-26,data_driven,CE,17000.0,2022-09-29,3,299.0,160.35,50,-6932.5,True
2022-09-29,data_driven,CE,16800.0,2022-10-06,7,290.0,193.65,50,-4817.5,False
2022-09-30,data_driven,PE,17100.0,2022-10-06,6,340.0,158.95,50,-9052.5,True
2022-10-04,data_driven,PE,17250.0,2022-10-06,2,173.1,75.6,50,-4875.0,True
2022-10-07,data_driven,CE,17300.0,2022-10-13,6,137.0,148.05,50,552.5000000000006,False
2022-10-31,data_driven,PE,18000.0,2022-11-03,3,175.0,100.7,50,-3715.0,True
2022-11-11,data_driven,PE,18350.0,2022-11-17,6,150.55,96.2,50,-2717.5000000000005,True
2022-12-07,data_driven,CE,18550.0,2022-12-08,1,159.6,80.05,50,-3977.5,True
2022-12-14,data_driven,PE,18650.0,2022-12-15,1,70.2,47.45,50,-1137.5,True
2022-12-16,data_driven,CE,18250.0,2022-12-22,6,173.1,126.25,50,-2342.4999999999995,True
2023-01-11,data_driven,CE,17900.0,2023-01-12,1,96.3,63.75,50,-1627.4999999999998,True
2023-02-15,data_driven,PE,18000.0,2023-02-16,1,123.0,40.85,50,-4107.5,True
2023-02-22,data_driven,CE,17550.0,2023-02-23,1,227.15,62.8,50,-8217.500000000002,True
2023-03-10,data_driven,CE,17400.0,2023-03-16,6,152.0,109.1,50,-2145.0000000000005,True
2023-03-13,data_driven,CE,17150.0,2023-03-16,3,289.95,120.0,50,-8497.5,True
2023-03-15,data_driven,CE,16950.0,2023-03-16,1,209.75,78.6,50,-6557.5,True
2023-03-17,data_driven,PE,17100.0,2023-03-23,6,125.05,100.9,50,-1207.4999999999995,True
2023-03-20,data_driven,CE,17000.0,2023-03-23,3,179.0,106.2,50,-3640.0,True
2023-03-21,data_driven,CE,17100.0,2023-03-23,2,88.8,98.0,50,460.0000000000001,False
2023-03-22,data_driven,PE,17150.0,2023-03-23,1,74.6,69.7,50,-244.99999999999957,True
2023-04-26,data_driven,CE,17800.0,2023-04-27,1,37.8,47.1,50,465.0000000000002,True
2023-04-28,data_driven,PE,18050.0,2023-05-04,6,122.95,61.75,50,-3060.0,True
2023-05-03,data_driven,PE,18100.0,2023-05-04,1,50.0,51.75,50,87.5,False
2023-05-05,data_driven,CE,18050.0,2023-05-11,6,165.15,113.55,50,-2580.0000000000005,True
2023-05-08,data_driven,PE,18250.0,2023-05-11,3,159.3,59.2,50,-5005.0,False
2023-08-03,data_driven,CE,19400.0,2023-08-10,7,175.75,116.9,50,-2942.4999999999995,False
2023-08-16,data_driven,PE,19450.0,2023-08-17,1,97.0,43.05,50,-2697.5,True
2023-08-28,data_driven,PE,19300.0,2023-08-31,3,109.9,62.05,50,-2392.5000000000005,False
2023-09-22,data_driven,CE,19650.0,2023-09-28,6,190.0,125.7,50,-3215.0,True
2023-09-27,data_driven,CE,19700.0,2023-09-28,1,44.2,53.5,50,464.9999999999999,True
2023-10-04,data_driven,CE,19450.0,2023-10-05,1,60.2,41.8,50,-920.0000000000002,False
2023-10-16,data_driven,CE,19750.0,2023-10-19,3,93.75,82.25,50,-575.0,True
2023-10-17,data_driven,CE,19800.0,2023-10-19,2,75.0,73.55,50,-72.50000000000014,False
2023-10-19,data_driven,CE,19600.0,2023-10-26,7,130.95,118.7,50,-612.4999999999993,False
2023-10-20,data_driven,CE,19550.0,2023-10-26,6,125.0,85.3,50,-1985.0000000000002,False
2023-10-25,data_driven,CE,19100.0,2023-10-26,1,220.55,76.25,50,-7215.000000000001,True
2023-10-31,data_driven,CE,19100.0,2023-11-02,2,132.0,76.85,50,-2757.5000000000005,True
2023-11-01,data_driven,CE,19000.0,2023-11-02,1,144.0,51.75,50,-4612.5,True
2024-02-14,data_driven,PE,21850.0,2024-02-15,1,230.0,64.35,25,-4141.25,False
2024-02-15,data_driven,PE,21900.0,2024-02-22,7,138.5,123.9,25,-364.9999999999999,True
2024-04-05,data_driven,PE,22500.0,2024-04-10,5,116.4,101.95,25,-361.25000000000006,False
2024-04-15,data_driven,CE,22250.0,2024-04-18,3,234.05,144.6,25,-2236.2500000000005,True
2024-04-16,data_driven,CE,22150.0,2024-04-18,2,174.0,83.8,25,-2255.0,True
2024-04-23,data_driven,PE,22350.0,2024-04-25,2,76.6,78.9,25,57.500000000000284,True
2024-05-30,data_driven,CE,22500.0,2024-06-06,7,608.95,461.05,25,-3697.500000000001,False
2024-06-03,data_driven,PE,23250.0,2024-06-06,3,336.25,319.8,25,-411.2499999999997,True
2024-07-19,data_driven,CE,24550.0,2024-07-25,6,412.1,222.15,25,-4748.75,True
2024-07-23,data_driven,CE,24500.0,2024-07-25,2,230.0,101.65,25,-3208.75,False
2024-07-25,data_driven,CE,24400.0,2024-08-01,7,100.45,159.85,25,1484.9999999999998,True
2024-08-02,data_driven,CE,24700.0,2024-08-08,6,181.0,142.5,25,-962.5,True
2024-08-05,data_driven,CE,24050.0,2024-08-08,3,350.8,222.55,25,-3206.25,True
2024-08-06,data_driven,PE,24000.0,2024-08-08,2,135.0,136.6,25,39.99999999999986,True
2024-08-07,data_driven,PE,24300.0,2024-08-08,1,150.5,73.2,25,-1932.5,True
2024-08-09,data_driven,PE,24350.0,2024-08-14,5,190.0,133.2,25,-1420.0000000000002,True
2024-08-12,data_driven,CE,24350.0,2024-08-14,2,170.65,107.1,25,-1588.7500000000002,False
2024-08-14,data_driven,CE,24150.0,2024-08-22,8,224.95,188.1,25,-921.2499999999999,False
2024-08-26,data_driven,PE,25000.0,2024-08-29,3,160.0,82.15,25,-1946.2499999999998,False
2024-08-29,data_driven,PE,25150.0,2024-09-05,7,185.95,116.55,25,-1734.9999999999998,True
2024-09-04,data_driven,CE,25200.0,2024-09-05,1,57.0,54.2,25,-69.99999999999993,True
2024-09-06,data_driven,CE,24850.0,2024-09-12,6,348.75,167.25,25,-4537.5,True
2024-09-09,data_driven,PE,24950.0,2024-09-12,3,231.55,121.75,25,-2745.0000000000005,True
2024-09-10,data_driven,PE,25050.0,2024-09-12,2,150.0,92.55,25,-1436.25,True
2024-09-12,data_driven,CE,25400.0,2024-09-19,7,37.0,118.9,25,2047.5000000000002,False
2024-09-20,data_driven,PE,25800.0,2024-09-26,6,301.05,154.35,25,-3667.5000000000005,False
2024-10-04,data_driven,CE,25000.0,2024-10-10,6,371.0,206.05,25,-4123.75,True
2024-10-08,data_driven,PE,25000.0,2024-10-10,2,255.25,142.9,25,-2808.75,False
2024-11-01,data_driven,CE,24300.0,2024-11-07,6,217.75,192.95,25,-620.0000000000002,True
2024-11-06,data_driven,PE,24500.0,2024-11-07,1,339.0,108.35,25,-5766.25,True
2024-11-25,data_driven,PE,24200.0,2024-11-28,3,210.0,117.95,25,-2301.25,True
2024-12-19,data_driven,CE,23950.0,2024-12-26,7,232.0,241.45,25,236.24999999999972,True
2024-12-23,data_driven,CE,23750.0,2024-12-26,3,170.0,108.45,25,-1538.75,False
2024-12-24,data_driven,CE,23750.0,2024-12-26,2,106.05,77.5,25,-713.7499999999999,False
2024-12-26,data_driven,PE,23750.0,2025-01-02,7,129.9,156.95,25,676.2499999999995,False
2024-12-31,data_driven,CE,23650.0,2025-01-02,2,100.0,155.7,25,1392.4999999999998,True
2025-01-06,data_driven,CE,23600.0,2025-01-09,3,436.5,204.85,25,-5791.25,True
2025-01-08,data_driven,CE,23700.0,2025-01-09,1,122.8,68.05,25,-1368.75,False
2025-01-13,data_driven,CE,23100.0,2025-01-16,3,271.0,149.3,25,-3042.4999999999995,True
2025-01-16,data_driven,PE,23300.0,2025-01-23,7,160.0,167.6,25,189.99999999999986,False
2025-01-28,data_driven,CE,22950.0,2025-01-30,2,131.15,151.05,25,497.5000000000001,True
2025-01-29,data_driven,PE,23150.0,2025-01-30,1,203.25,152.1,25,-1278.7500000000002,False
2025-02-05,data_driven,PE,23700.0,2025-02-06,1,84.9,81.1,25,-95.00000000000028,True
2025-02-06,data_driven,CE,23600.0,2025-02-13,7,289.95,213.75,25,-1904.9999999999998,True
2025-02-24,data_driven,CE,22550.0,2025-02-27,3,225.0,140.25,25,-2118.75,False
2025-02-28,data_driven,CE,22100.0,2025-03-06,6,414.95,196.75,25,-5455.0,True
2025-03-03,data_driven,CE,22100.0,2025-03-06,3,205.0,146.2,25,-1470.0000000000002,False
2025-03-04,data_driven,CE,22100.0,2025-03-06,2,75.0,85.7,25,267.50000000000006,False
2025-03-06,data_driven,PE,22550.0,2025-03-13,7,202.0,162.3,25,-992.4999999999998,False
2025-03-07,data_driven,CE,22550.0,2025-03-13,6,144.15,157.6,25,336.2499999999997,False
2025-03-10,data_driven,CE,22450.0,2025-03-13,3,210.0,126.55,25,-2086.25,True
2025-03-11,data_driven,CE,22500.0,2025-03-13,2,62.0,104.2,25,1055.0,False
2025-03-13,data_driven,CE,22400.0,2025-03-20,7,250.0,140.35,25,-2741.25,False
2025-03-17,data_driven,PE,22500.0,2025-03-20,3,130.0,98.6,25,-785.0000000000001,False
2025-03-20,data_driven,PE,23200.0,2025-03-27,7,232.5,137.05,25,-2386.2499999999995,True
2025-03-25,data_driven,PE,23650.0,2025-03-27,2,99.0,80.25,25,-468.75,False
2025-04-04,data_driven,CE,22900.0,2025-04-09,5,310.0,110.55,25,-4986.25,False
2025-04-09,data_driven,CE,22400.0,2025-04-17,8,350.05,321.65,25,-710.0000000000009,True
2025-04-11,data_driven,PE,22850.0,2025-04-17,6,300.0,242.3,25,-1442.4999999999998,True
2025-04-15,data_driven,PE,23350.0,2025-04-17,2,240.05,123.4,25,-2916.25,True
2025-04-17,data_driven,PE,23850.0,2025-04-24,7,489.95,192.65,25,-7432.499999999999,True
2025-04-21,data_driven,PE,24150.0,2025-04-24,3,319.25,132.15,25,-4677.5,False
2025-04-22,data_driven,PE,24150.0,2025-04-24,2,110.0,83.7,25,-657.4999999999999,False
2025-04-23,data_driven,PE,24350.0,2025-04-24,1,125.0,88.05,25,-923.7500000000001,False
2025-04-24,data_driven,CE,24250.0,2025-04-30,6,231.95,203.0,25,-723.7499999999998,False
2025-04-25,data_driven,CE,24050.0,2025-04-30,5,369.95,172.0,25,-4948.75,True
2025-04-28,data_driven,PE,24350.0,2025-04-30,2,328.25,107.5,25,-5518.75,True
2025-05-05,data_driven,PE,24450.0,2025-05-08,3,151.0,98.85,25,-1303.7500000000002,True
2025-05-13,data_driven,CE,24600.0,2025-05-15,2,362.6,128.15,25,-5861.25,False
2025-05-22,data_driven,CE,24600.0,2025-05-29,7,360.25,229.15,25,-3277.5,False
2025-05-26,data_driven,CE,25000.0,2025-05-29,3,144.9,222.9,25,1950.0,True
2025-05-27,data_driven,CE,24850.0,2025-05-29,2,288.75,191.85,25,-2422.5,True
2025-05-28,data_driven,CE,24750.0,2025-05-29,1,224.95,119.35,25,-2640.0,False
2025-06-09,data_driven,PE,25100.0,2025-06-12,3,150.2,130.5,25,-492.4999999999997,False
2025-06-16,data_driven,CE,24950.0,2025-06-19,3,95.0,141.5,25,1162.5,True
2025-06-17,data_driven,CE,24850.0,2025-06-19,2,170.0,99.35,25,-1766.2500000000002,False
2025-06-18,data_driven,PE,24800.0,2025-06-19,1,111.0,82.1,25,-722.5000000000001,False
2025-06-19,data_driven,PE,24800.0,2025-06-26,7,200.25,189.4,25,-271.2499999999999,True
2025-06-20,data_driven,PE,25100.0,2025-06-26,6,355.85,150.75,25,-5127.500000000001,True
2025-06-23,data_driven,CE,24950.0,2025-06-26,3,180.0,163.55,25,-411.2499999999997,True
2025-06-25,data_driven,PE,25250.0,2025-06-26,1,146.0,68.1,25,-1947.5000000000002,True
2021-01-28,manual_agree,CE,13800.0,2021-02-04,7,269.5,232.1,75,-2805.0000000000005,False
2021-02-02,manual_agree,PE,14650.0,2021-02-04,2,255.55,100.4,75,-11636.25,True
2021-02-04,manual_agree,PE,14900.0,2021-02-11,7,211.0,171.25,75,-2981.25,True
2021-02-23,manual_agree,CE,14700.0,2021-02-25,2,117.0,100.6,75,-1230.0000000000005,True
2021-02-25,manual_agree,PE,15100.0,2021-03-04,7,200.3,134.2,75,-4957.500000000002,True
2021-03-04,manual_agree,CE,15100.0,2021-03-10,6,142.7,186.7,75,3300.0,True
2021-08-24,manual_agree,PE,16600.0,2021-08-26,2,109.9,47.15,75,-4706.250000000001,True
2021-09-24,manual_agree,PE,17850.0,2021-09-30,6,274.7,116.75,75,-11846.25,False
2021-09-29,manual_agree,CE,17700.0,2021-09-30,1,74.95,70.85,75,-307.5000000000006,True
2021-12-01,manual_agree,CE,17150.0,2021-12-02,1,51.0,83.05,75,2403.75,True
2021-12-06,manual_agree,CE,16900.0,2021-12-09,3,362.6,145.4,75,-16290.000000000002,True
2022-01-19,manual_agree,CE,17950.0,2022-01-20,1,173.65,60.2,50,-5672.5,True
2022-02-02,manual_agree,PE,17800.0,2022-02-03,1,127.2,74.8,50,-2620.0000000000005,True
2022-03-02,manual_agree,CE,16600.0,2022-03-03,1,200.0,139.95,50,-3002.5000000000005,True
2022-03-07,manual_agree,CE,15850.0,2022-03-10,3,233.85,237.15,50,165.00000000000057,True
2022-03-10,manual_agree,PE,16600.0,2022-03-17,7,245.45,250.55,50,255.00000000000114,True
2022-03-16,manual_agree,PE,17000.0,2022-03-17,1,210.9,131.85,50,-3952.5000000000005,False
2022-04-27,manual_agree,CE,17050.0,2022-04-28,1,98.35,79.4,50,-947.4999999999994,True
2022-06-13,manual_agree,CE,15750.0,2022-06-16,3,233.9,156.75,50,-3857.5000000000005,True
2022-07-11,manual_agree,PE,16200.0,2022-07-14,3,153.0,111.0,50,-2100.0,True
2022-08-29,manual_agree,CE,17300.0,2022-09-01,3,140.15,124.75,50,-770.0000000000002,True
2022-09-14,manual_agree,CE,18000.0,2022-09-15,1,41.0,86.0,50,2250.0,True
2022-09-26,manual_agree,CE,17000.0,2022-09-29,3,299.0,160.35,50,-6932.5,True
2022-10-04,manual_agree,PE,17250.0,2022-10-06,2,173.1,75.6,50,-4875.0,True
2022-10-31,manual_agree,PE,18000.0,2022-11-03,3,175.0,100.7,50,-3715.0,True
2022-11-11,manual_agree,PE,18350.0,2022-11-17,6,150.55,96.2,50,-2717.5000000000005,True
2022-12-07,manual_agree,CE,18550.0,2022-12-08,1,159.6,80.05,50,-3977.5,True
2022-12-14,manual_agree,PE,18650.0,2022-12-15,1,70.2,47.45,50,-1137.5,True
2022-12-16,manual_agree,CE,18250.0,2022-12-22,6,173.1,126.25,50,-2342.4999999999995,True
2023-02-15,manual_agree,PE,18000.0,2023-02-16,1,123.0,40.85,50,-4107.5,True
2023-02-22,manual_agree,CE,17550.0,2023-02-23,1,227.15,62.8,50,-8217.500000000002,True
2023-03-10,manual_agree,CE,17400.0,2023-03-16,6,152.0,109.1,50,-2145.0000000000005,True
2023-03-13,manual_agree,CE,17150.0,2023-03-16,3,289.95,120.0,50,-8497.5,True
2023-03-17,manual_agree,PE,17100.0,2023-03-23,6,125.05,100.9,50,-1207.4999999999995,True
2023-03-20,manual_agree,CE,17000.0,2023-03-23,3,179.0,106.2,50,-3640.0,True
2023-03-21,manual_agree,PE,17100.0,2023-03-23,2,115.0,75.75,50,-1962.5,True
2023-04-28,manual_agree,PE,18050.0,2023-05-04,6,122.95,61.75,50,-3060.0,True
2023-05-08,manual_agree,PE,18250.0,2023-05-11,3,159.3,59.2,50,-5005.0,False
2023-08-03,manual_agree,CE,19400.0,2023-08-10,7,175.75,116.9,50,-2942.4999999999995,False
2023-09-22,manual_agree,CE,19650.0,2023-09-28,6,190.0,125.7,50,-3215.0,True
2023-10-04,manual_agree,CE,19450.0,2023-10-05,1,60.2,41.8,50,-920.0000000000002,False
2023-10-17,manual_agree,PE,19800.0,2023-10-19,2,70.05,58.65,50,-569.9999999999999,True
2023-10-20,manual_agree,CE,19550.0,2023-10-26,6,125.0,85.3,50,-1985.0000000000002,False
2024-04-15,manual_agree,CE,22250.0,2024-04-18,3,234.05,144.6,25,-2236.2500000000005,True
2024-04-16,manual_agree,CE,22150.0,2024-04-18,2,174.0,83.8,25,-2255.0,True
2024-05-30,manual_agree,CE,22500.0,2024-06-06,7,608.95,461.05,25,-3697.500000000001,False
2024-06-03,manual_agree,PE,23250.0,2024-06-06,3,336.25,319.8,25,-411.2499999999997,True
2024-07-19,manual_agree,CE,24550.0,2024-07-25,6,412.1,222.15,25,-4748.75,True
2024-08-02,manual_agree,CE,24700.0,2024-08-08,6,181.0,142.5,25,-962.5,True
2024-08-05,manual_agree,CE,24050.0,2024-08-08,3,350.8,222.55,25,-3206.25,True
2024-08-07,manual_agree,PE,24300.0,2024-08-08,1,150.5,73.2,25,-1932.5,True
2024-08-26,manual_agree,PE,25000.0,2024-08-29,3,160.0,82.15,25,-1946.2499999999998,False
2024-09-10,manual_agree,PE,25050.0,2024-09-12,2,150.0,92.55,25,-1436.25,True
2024-09-12,manual_agree,PE,25400.0,2024-09-19,7,398.55,184.95,25,-5340.000000000001,True
2024-09-20,manual_agree,PE,25800.0,2024-09-26,6,301.05,154.35,25,-3667.5000000000005,False
2024-10-04,manual_agree,CE,25000.0,2024-10-10,6,371.0,206.05,25,-4123.75,True
2024-11-06,manual_agree,PE,24500.0,2024-11-07,1,339.0,108.35,25,-5766.25,True
2024-11-25,manual_agree,PE,24200.0,2024-11-28,3,210.0,117.95,25,-2301.25,True
2024-12-19,manual_agree,CE,23950.0,2024-12-26,7,232.0,241.45,25,236.24999999999972,True
2025-01-13,manual_agree,CE,23100.0,2025-01-16,3,271.0,149.3,25,-3042.4999999999995,True
2025-01-16,manual_agree,PE,23300.0,2025-01-23,7,160.0,167.6,25,189.99999999999986,False
2025-01-29,manual_agree,PE,23150.0,2025-01-30,1,203.25,152.1,25,-1278.7500000000002,False
2025-02-05,manual_agree,PE,23700.0,2025-02-06,1,84.9,81.1,25,-95.00000000000028,True
2025-02-24,manual_agree,CE,22550.0,2025-02-27,3,225.0,140.25,25,-2118.75,False
2025-02-28,manual_agree,CE,22100.0,2025-03-06,6,414.95,196.75,25,-5455.0,True
2025-03-06,manual_agree,PE,22550.0,2025-03-13,7,202.0,162.3,25,-992.4999999999998,False
2025-03-17,manual_agree,PE,22500.0,2025-03-20,3,130.0,98.6,25,-785.0000000000001,False
2025-03-20,manual_agree,PE,23200.0,2025-03-27,7,232.5,137.05,25,-2386.2499999999995,True
2025-04-04,manual_agree,CE,22900.0,2025-04-09,5,310.0,110.55,25,-4986.25,False
2025-04-09,manual_agree,CE,22400.0,2025-04-17,8,350.05,321.65,25,-710.0000000000009,True
2025-04-15,manual_agree,PE,23350.0,2025-04-17,2,240.05,123.4,25,-2916.25,True
2025-04-21,manual_agree,PE,24150.0,2025-04-24,3,319.25,132.15,25,-4677.5,False
2025-04-23,manual_agree,PE,24350.0,2025-04-24,1,125.0,88.05,25,-923.7500000000001,False
2025-04-28,manual_agree,PE,24350.0,2025-04-30,2,328.25,107.5,25,-5518.75,True
2025-05-05,manual_agree,PE,24450.0,2025-05-08,3,151.0,98.85,25,-1303.7500000000002,True
2025-05-22,manual_agree,CE,24600.0,2025-05-29,7,360.25,229.15,25,-3277.5,False
2025-06-09,manual_agree,PE,25100.0,2025-06-12,3,150.2,130.5,25,-492.4999999999997,False
2025-06-25,manual_agree,PE,25250.0,2025-06-26,1,146.0,68.1,25,-1947.5000000000002,True
2022-04-06,manual_disagree,PE,17800.0,2022-04-07,1,54.0,54.35,50,17.50000000000007,True
2022-05-04,manual_disagree,CE,16700.0,2022-05-05,1,403.25,88.95,50,-15715.0,True
2022-05-11,manual_disagree,PE,16150.0,2022-05-12,1,74.85,77.4,50,127.50000000000057,False
2022-06-20,manual_disagree,PE,15350.0,2022-06-23,3,176.0,145.25,50,-1537.5,True
2022-09-21,manual_disagree,PE,17700.0,2022-09-22,1,75.95,110.3,50,1717.4999999999998,True
2022-09-30,manual_disagree,PE,17100.0,2022-10-06,6,340.0,158.95,50,-9052.5,True
2023-01-11,manual_disagree,CE,17900.0,2023-01-12,1,96.3,63.75,50,-1627.4999999999998,True
2023-03-15,manual_disagree,CE,16950.0,2023-03-16,1,209.75,78.6,50,-6557.5,True
2023-04-26,manual_disagree,CE,17800.0,2023-04-27,1,37.8,47.1,50,465.0000000000002,True
2023-10-25,manual_disagree,CE,19100.0,2023-10-26,1,220.55,76.25,50,-7215.000000000001,True
2023-11-01,manual_disagree,CE,19000.0,2023-11-02,1,144.0,51.75,50,-4612.5,True
2024-02-14,manual_disagree,CE,21850.0,2024-02-15,1,27.0,91.9,25,1622.5000000000002,True
2024-04-05,manual_disagree,CE,22500.0,2024-04-10,5,140.0,133.5,25,-162.5,True
2024-08-29,manual_disagree,CE,25150.0,2024-09-05,7,115.0,163.95,25,1223.7499999999998,False
2024-09-06,manual_disagree,CE,24850.0,2024-09-12,6,348.75,167.25,25,-4537.5,True
2024-09-09,manual_disagree,PE,24950.0,2024-09-12,3,231.55,121.75,25,-2745.0000000000005,True
2024-10-08,manual_disagree,PE,25000.0,2024-10-10,2,255.25,142.9,25,-2808.75,False
2024-12-23,manual_disagree,CE,23750.0,2024-12-26,3,170.0,108.45,25,-1538.75,False
2025-01-06,manual_disagree,CE,23600.0,2025-01-09,3,436.5,204.85,25,-5791.25,True
2025-01-28,manual_disagree,PE,22950.0,2025-01-30,2,158.25,128.0,25,-756.25,False
2025-02-06,manual_disagree,CE,23600.0,2025-02-13,7,289.95,213.75,25,-1904.9999999999998,True
2025-03-10,manual_disagree,CE,22450.0,2025-03-13,3,210.0,126.55,25,-2086.25,True
2025-04-11,manual_disagree,PE,22850.0,2025-04-17,6,300.0,242.3,25,-1442.4999999999998,True
2025-04-17,manual_disagree,PE,23850.0,2025-04-24,7,489.95,192.65,25,-7432.499999999999,True
2025-04-24,manual_disagree,PE,24250.0,2025-04-30,6,158.85,185.8,25,673.7500000000005,True
2025-04-25,manual_disagree,CE,24050.0,2025-04-30,5,369.95,172.0,25,-4948.75,True
2025-05-13,manual_disagree,CE,24600.0,2025-05-15,2,362.6,128.15,25,-5861.25,False
2025-05-26,manual_disagree,PE,25000.0,2025-05-29,3,225.0,185.25,25,-993.75,False
2025-05-27,manual_disagree,CE,24850.0,2025-05-29,2,288.75,191.85,25,-2422.5,True
2025-06-16,manual_disagree,PE,24950.0,2025-06-19,3,309.15,132.2,25,-4423.75,False
2025-06-17,manual_disagree,CE,24850.0,2025-06-19,2,170.0,99.35,25,-1766.2500000000002,False
2025-06-20,manual_disagree,PE,25100.0,2025-06-26,6,355.85,150.75,25,-5127.500000000001,True
2025-06-23,manual_disagree,CE,24950.0,2025-06-26,3,180.0,163.55,25,-411.2499999999997,True
