Date,strategy,position,expiry,dte,open,close,lot_size,pnl,iv_direction_correct
2022-03-03,data_driven,LONG,2022-03-31,28,16741.0,16505.6,50,-11770.000000000073,False
2022-03-07,data_driven,LONG,2022-03-31,24,15900.0,15872.2,50,-1389.9999999999636,True
2022-03-10,data_driven,SHORT,2022-03-31,21,16730.0,16611.9,50,5904.999999999927,True
2022-03-16,data_driven,SHORT,2022-03-31,15,16870.0,17008.75,50,-6937.5,False
2022-04-06,data_driven,SHORT,2022-04-28,22,17897.0,17867.45,50,1477.4999999999636,True
2022-04-27,data_driven,LONG,2022-04-28,1,17078.0,17053.8,50,-1210.0000000000364,True
2022-05-04,data_driven,LONG,2022-05-26,22,17115.1,16702.5,50,-20629.999999999927,True
2022-05-11,data_driven,LONG,2022-05-26,15,16256.7,16177.95,50,-3937.5,True
2022-06-13,data_driven,LONG,2022-06-30,17,15900.1,15766.25,50,-6692.500000000018,True
2022-06-20,data_driven,LONG,2022-06-30,10,15340.0,15347.65,50,382.4999999999818,False
2022-06-29,data_driven,LONG,2022-06-30,1,15701.1,15779.9,50,3939.9999999999636,True
2022-07-11,data_driven,SHORT,2022-07-28,17,16152.0,16203.5,50,-2575.0,True
2022-08-04,data_driven,LONG,2022-08-25,21,17456.0,17387.85,50,-3407.5000000000728,True
2022-08-29,data_driven,LONG,2022-09-29,31,17290.0,17370.25,50,4012.5,True
2022-09-14,data_driven,LONG,2022-09-29,15,17826.65,18020.4,50,9687.5,True
2022-09-21,data_driven,SHORT,2022-09-29,8,17776.35,17731.45,50,2244.999999999891,True
2022-09-26,data_driven,LONG,2022-09-29,3,17175.0,17028.75,50,-7312.5,True
2022-09-29,data_driven,LONG,2022-10-27,28,16994.85,16833.3,50,-8077.499999999964,False
2022-09-30,data_driven,SHORT,2022-10-27,27,16815.0,17103.2,50,-14410.000000000036,True
2022-10-04,data_driven,SHORT,2022-10-27,23,17140.0,17293.0,50,-7650.0,True
2022-10-07,data_driven,LONG,2022-10-27,20,17301.1,17328.85,50,1387.5,False
2022-10-31,data_driven,SHORT,2022-11-24,24,17948.0,18051.05,50,-5152.499999999964,True
2022-11-11,data_driven,SHORT,2022-11-24,13,18332.55,18424.0,50,-4572.500000000036,True
2022-12-07,data_driven,LONG,2022-12-29,22,18680.15,18670.25,50,-495.00000000007276,True
2022-12-14,data_driven,SHORT,2022-12-29,15,18775.55,18748.9,50,1332.4999999998909,True
2022-12-16,data_driven,LONG,2022-12-29,13,18367.0,18328.65,50,-1917.4999999999272,True
2023-01-11,data_driven,LONG,2023-01-25,14,18000.0,17962.95,50,-1852.4999999999636,True
2023-02-15,data_driven,SHORT,2023-02-23,8,17899.8,18035.15,50,-6767.500000000109,True
2023-02-22,data_driven,LONG,2023-02-23,1,17790.0,17566.9,50,-11154.999999999927,True
2023-03-10,data_driven,LONG,2023-03-29,19,17489.8,17452.55,50,-1862.5,True
2023-03-13,data_driven,LONG,2023-03-29,16,17460.0,17205.8,50,-12710.000000000036,True
2023-03-15,data_driven,LONG,2023-03-29,14,17224.95,17037.35,50,-9380.00000000011,True
2023-03-17,data_driven,SHORT,2023-03-29,12,17165.0,17178.15,50,-657.5000000000728,True
2023-03-20,data_driven,LONG,2023-03-29,9,17099.8,17028.9,50,-3544.999999999891,True
2023-03-21,data_driven,LONG,2023-03-29,8,17090.0,17160.15,50,3507.5000000000728,False
2023-03-22,data_driven,SHORT,2023-03-29,7,17211.0,17185.0,50,1300.0,True
2023-04-26,data_driven,LONG,2023-04-27,1,17754.9,17814.9,50,3000.0,True
2023-04-28,data_driven,SHORT,2023-05-25,27,18030.25,18111.15,50,-4045.0000000000728,True
2023-05-03,data_driven,SHORT,2023-05-25,22,18154.9,18149.95,50,247.50000000003638,False
2023-05-05,data_driven,LONG,2023-05-25,20,18180.0,18129.7,50,-2514.9999999999636,True
2023-05-08,data_driven,SHORT,2023-05-25,17,18160.0,18310.4,50,-7520.000000000073,False
2023-08-03,data_driven,LONG,2023-08-31,28,19540.0,19468.15,50,-3592.4999999999272,False
2023-08-16,data_driven,SHORT,2023-08-31,15,19400.4,19484.55,50,-4207.499999999891,True
2023-08-28,data_driven,SHORT,2023-08-31,3,19278.3,19321.3,50,-2150.0,False
2023-09-22,data_driven,LONG,2023-09-28,6,19750.85,19708.25,50,-2129.9999999999272,True
2023-09-27,data_driven,LONG,2023-09-28,1,19634.9,19719.05,50,4207.499999999891,True
2023-10-04,data_driven,LONG,2023-10-26,22,19474.1,19469.25,50,-242.49999999992724,False
2023-10-16,data_driven,LONG,2023-10-26,10,19731.65,19740.4,50,437.5,True
2023-10-17,data_driven,LONG,2023-10-26,9,19834.0,19811.1,50,-1145.0000000000728,False
2023-10-19,data_driven,LONG,2023-10-26,7,19575.0,19618.75,50,2187.5,False
2023-10-20,data_driven,LONG,2023-10-26,6,19549.6,19527.85,50,-1087.5,False
2023-10-25,data_driven,LONG,2023-10-26,1,19306.0,19128.0,50,-8900.0,True
2023-10-31,data_driven,LONG,2023-11-30,30,19275.0,19158.2,50,-5839.999999999964,True
2023-11-01,data_driven,LONG,2023-11-30,29,19144.05,19060.25,50,-4189.999999999964,True
2024-02-14,data_driven,SHORT,2024-02-29,15,21675.0,21916.85,25,-6046.249999999964,False
2024-02-15,data_driven,SHORT,2024-02-29,14,21970.2,22005.05,25,-871.2499999999636,True
2024-04-05,data_driven,SHORT,2024-04-25,20,22570.0,22595.5,25,-637.5,False
2024-04-15,data_driven,LONG,2024-04-25,10,22420.0,22357.3,25,-1567.5000000000182,True
2024-04-16,data_driven,LONG,2024-04-25,9,22176.55,22200.75,25,605.0000000000182,True
2024-04-23,data_driven,SHORT,2024-04-25,2,22448.0,22371.05,25,1923.7500000000182,True
2024-05-30,data_driven,LONG,2024-06-27,28,22827.65,22627.35,25,-5007.500000000073,False
2024-06-03,data_driven,SHORT,2024-06-27,24,23501.65,23407.9,25,2343.75,True
2024-07-19,data_driven,LONG,2024-07-25,6,24761.0,24529.1,25,-5797.500000000036,True
2024-07-23,data_driven,LONG,2024-07-25,2,24551.9,24463.1,25,-2220.0000000000728,False
2024-07-25,data_driven,LONG,2024-08-29,35,24368.0,24455.4,25,2185.0000000000364,True
2024-08-02,data_driven,LONG,2024-08-29,27,24824.95,24711.55,25,-2835.0000000000364,True
2024-08-05,data_driven,LONG,2024-08-29,24,24550.0,24102.95,25,-11176.249999999982,True
2024-08-06,data_driven,SHORT,2024-08-29,23,24230.2,24056.9,25,4332.499999999982,True
2024-08-07,data_driven,SHORT,2024-08-29,22,24310.2,24366.45,25,-1406.25,True
2024-08-09,data_driven,SHORT,2024-08-29,20,24350.2,24401.5,25,-1282.4999999999818,True
2024-08-12,data_driven,LONG,2024-08-29,17,24355.0,24356.8,25,44.99999999998181,False
2024-08-14,data_driven,LONG,2024-08-29,15,24199.95,24174.65,25,-632.4999999999818,False
2024-08-26,data_driven,SHORT,2024-08-29,3,24901.65,25043.3,25,-3541.2499999999454,False
2024-08-29,data_driven,SHORT,2024-09-26,28,25150.0,25265.2,25,-2880.000000000018,True
2024-09-04,data_driven,LONG,2024-09-26,22,25210.15,25247.8,25,941.2499999999454,True
2024-09-06,data_driven,LONG,2024-09-26,20,25189.8,24906.0,25,-7094.999999999982,True
2024-09-09,data_driven,SHORT,2024-09-26,17,24865.35,24985.0,25,-2991.2500000000364,True
2024-09-10,data_driven,SHORT,2024-09-26,16,25034.0,25083.0,25,-1225.0,True
2024-09-12,data_driven,LONG,2024-09-26,14,25060.0,25356.3,25,7407.499999999982,False
2024-09-20,data_driven,SHORT,2024-09-26,6,25552.2,25767.75,25,-5388.749999999982,False
2024-10-04,data_driven,LONG,2024-10-31,27,25400.0,25173.85,25,-5653.750000000036,True
2024-10-08,data_driven,SHORT,2024-10-31,23,24983.95,25131.65,25,-3692.500000000018,False
2024-11-01,data_driven,LONG,2024-11-28,27,24419.95,24383.65,25,-907.4999999999818,True
2024-11-06,data_driven,SHORT,2024-11-28,22,24367.0,24587.1,25,-5502.499999999964,True
2024-11-25,data_driven,SHORT,2024-11-28,3,24268.0,24273.5,25,-137.5,True
2024-12-19,data_driven,LONG,2024-12-26,7,24100.0,24018.8,25,-2030.0000000000182,True
2024-12-23,data_driven,LONG,2024-12-26,3,23725.05,23769.75,25,1117.5000000000182,False
2024-12-24,data_driven,LONG,2024-12-26,2,23765.95,23770.6,25,116.24999999994543,False
2024-12-26,data_driven,SHORT,2025-01-30,35,23985.0,23919.75,25,1631.25,False
2024-12-31,data_driven,LONG,2025-01-30,30,23700.0,23805.85,25,2646.2499999999636,True
2025-01-06,data_driven,LONG,2025-01-30,24,24145.1,23721.05,25,-10601.249999999982,True
2025-01-08,data_driven,LONG,2025-01-30,22,23800.0,23781.35,25,-466.2500000000364,False
2025-01-13,data_driven,LONG,2025-01-30,17,23400.0,23162.1,25,-5947.500000000036,True
2025-01-16,data_driven,SHORT,2025-01-30,14,23406.0,23377.55,25,711.2500000000182,False
2025-01-28,data_driven,LONG,2025-01-30,2,22948.0,22977.7,25,742.5000000000182,True
2025-01-29,data_driven,SHORT,2025-01-30,1,23034.0,23148.25,25,-2856.25,False
2025-02-05,data_driven,SHORT,2025-02-27,22,23825.0,23772.6,25,1310.0000000000364,True
2025-02-06,data_driven,LONG,2025-02-27,21,23822.4,23688.9,25,-3337.5,True
2025-02-24,data_driven,LONG,2025-02-27,3,22674.7,22612.65,25,-1551.2499999999818,False
2025-02-28,data_driven,LONG,2025-03-27,27,22532.4,22280.05,25,-6308.750000000055,True
2025-03-03,data_driven,LONG,2025-03-27,24,22341.0,22259.8,25,-2030.0000000000182,False
2025-03-04,data_driven,LONG,2025-03-27,23,22115.6,22191.05,25,1886.2500000000182,False
2025-03-06,data_driven,SHORT,2025-03-27,21,22541.0,22620.95,25,-1998.7500000000182,False
2025-03-07,data_driven,LONG,2025-03-27,20,22598.9,22649.95,25,1276.2499999999818,False
2025-03-10,data_driven,LONG,2025-03-27,17,22599.9,22515.65,25,-2106.25,True
2025-03-11,data_driven,LONG,2025-03-27,16,22419.95,22564.3,25,3608.7499999999636,False
2025-03-13,data_driven,LONG,2025-03-27,14,22550.0,22444.25,25,-2643.75,False
2025-03-17,data_driven,SHORT,2025-03-27,10,22510.2,22584.3,25,-1852.4999999999636,False
2025-03-20,data_driven,SHORT,2025-03-27,7,23069.9,23200.25,25,-3258.7499999999636,True
2025-03-25,data_driven,SHORT,2025-03-27,2,23767.1,23705.35,25,1543.75,False
2025-04-04,data_driven,LONG,2025-04-24,20,23229.7,22958.15,25,-6788.749999999982,False
2025-04-09,data_driven,LONG,2025-04-24,15,22544.0,22479.65,25,-1608.7499999999636,True
2025-04-11,data_driven,SHORT,2025-04-24,13,22746.0,22917.65,25,-4291.250000000036,True
2025-04-15,data_driven,SHORT,2025-04-24,9,23295.0,23340.9,25,-1147.5000000000364,True
2025-04-17,data_driven,SHORT,2025-04-24,7,23399.9,23851.3,25,-11284.999999999945,True
2025-04-21,data_driven,SHORT,2025-04-24,3,23875.9,24135.5,25,-6489.999999999964,False
2025-04-22,data_driven,SHORT,2025-04-24,2,24150.0,24169.0,25,-475.0,False
2025-04-23,data_driven,SHORT,2025-04-24,1,24310.0,24312.7,25,-67.50000000001819,False
2025-04-24,data_driven,LONG,2025-05-29,35,24450.0,24373.0,25,-1925.0,False
2025-04-25,data_driven,LONG,2025-05-29,34,24465.0,24139.1,25,-8147.500000000036,True
2025-04-28,data_driven,SHORT,2025-05-29,31,24200.2,24452.8,25,-6314.999999999964,True
2025-05-05,data_driven,SHORT,2025-05-29,24,24481.1,24553.7,25,-1815.0000000000546,True
2025-05-13,data_driven,LONG,2025-05-29,16,24960.0,24640.2,25,-7994.999999999982,False
2025-05-22,data_driven,LONG,2025-05-29,7,24778.0,24652.2,25,-3144.999999999982,False
2025-05-26,data_driven,LONG,2025-05-29,3,24950.0,25035.9,25,2147.5000000000364,True
2025-05-27,data_driven,LONG,2025-05-29,2,25000.0,24862.6,25,-3435.0000000000364,True
2025-05-28,data_driven,LONG,2025-05-29,1,24772.6,24762.5,25,-252.49999999996362,False
2025-06-09,data_driven,SHORT,2025-06-26,17,25205.0,25181.8,25,580.0000000000182,False
2025-06-16,data_driven,LONG,2025-06-26,10,24755.5,24996.2,25,6017.500000000018,True
2025-06-17,data_driven,LONG,2025-06-26,9,24996.1,24868.8,25,-3182.499999999982,False
2025-06-18,data_driven,SHORT,2025-06-26,8,24840.1,24826.9,25,329.99999999992724,False
2025-06-19,data_driven,SHORT,2025-06-26,7,24813.0,24803.1,25,247.50000000003638,True
2025-06-20,data_driven,SHORT,2025-06-26,6,24825.0,25111.7,25,-7167.500000000018,True
2025-06-23,data_driven,LONG,2025-06-26,3,24975.0,24993.3,25,457.4999999999818,True
2025-06-25,data_driven,SHORT,2025-06-26,1,25152.1,25252.2,25,-2502.5000000000546,True
2021-01-28,manual_agree,LONG,2021-02-25,28,13885.0,13844.4,75,-3045.0000000000273,False
2021-02-02,manual_agree,SHORT,2021-02-25,23,14519.0,14696.0,75,-13275.0,True
2021-02-04,manual_agree,SHORT,2021-02-25,21,14765.0,14895.35,75,-9776.250000000027,True
2021-02-23,manual_agree,LONG,2021-02-25,2,14755.25,14711.55,75,-3277.5000000000546,True
2021-02-25,manual_agree,SHORT,2021-03-25,28,15075.8,15169.5,75,-7027.500000000055,True
2021-03-04,manual_agree,LONG,2021-03-25,21,15047.95,15106.25,75,4372.499999999945,True
2021-08-24,manual_agree,SHORT,2021-08-26,2,16555.4,16620.25,75,-4863.749999999891,True
2021-09-24,manual_agree,SHORT,2021-09-30,6,17894.95,17853.6,75,3101.2500000001637,False
2021-09-29,manual_agree,LONG,2021-09-30,1,17669.0,17708.0,75,2925.0,True
2021-12-01,manual_agree,LONG,2021-12-30,29,17118.9,17221.9,75,7725.0,True
2021-12-06,manual_agree,LONG,2021-12-30,24,17247.7,16957.15,75,-21791.249999999945,True
2022-01-19,manual_agree,LONG,2022-01-27,8,18094.0,17974.1,50,-5995.000000000073,True
2022-02-02,manual_agree,SHORT,2022-02-24,22,17705.25,17795.9,50,-4532.500000000073,True
2022-03-02,manual_agree,LONG,2022-03-31,29,16595.0,16613.45,50,922.5000000000364,True
2022-03-07,manual_agree,LONG,2022-03-31,24,15900.0,15872.2,50,-1389.9999999999636,True
2022-03-10,manual_agree,SHORT,2022-03-31,21,16730.0,16611.9,50,5904.999999999927,True
2022-03-16,manual_agree,SHORT,2022-03-31,15,16870.0,17008.75,50,-6937.5,False
2022-04-27,manual_agree,LONG,2022-04-28,1,17078.0,17053.8,50,-1210.0000000000364,True
2022-06-13,manual_agree,LONG,2022-06-30,17,15900.1,15766.25,50,-6692.500000000018,True
2022-07-11,manual_agree,SHORT,2022-07-28,17,16152.0,16203.5,50,-2575.0,True
2022-08-29,manual_agree,LONG,2022-09-29,31,17290.0,17370.25,50,4012.5,True
2022-09-14,manual_agree,LONG,2022-09-29,15,17826.65,18020.4,50,9687.5,True
2022-09-26,manual_agree,LONG,2022-09-29,3,17175.0,17028.75,50,-7312.5,True
2022-10-04,manual_agree,SHORT,2022-10-27,23,17140.0,17293.0,50,-7650.0,True
2022-10-31,manual_agree,SHORT,2022-11-24,24,17948.0,18051.05,50,-5152.499999999964,True
2022-11-11,manual_agree,SHORT,2022-11-24,13,18332.55,18424.0,50,-4572.500000000036,True
2022-12-07,manual_agree,LONG,2022-12-29,22,18680.15,18670.25,50,-495.00000000007276,True
2022-12-14,manual_agree,SHORT,2022-12-29,15,18775.55,18748.9,50,1332.4999999998909,True
2022-12-16,manual_agree,LONG,2022-12-29,13,18367.0,18328.65,50,-1917.4999999999272,True
2023-02-15,manual_agree,SHORT,2023-02-23,8,17899.8,18035.15,50,-6767.500000000109,True
2023-02-22,manual_agree,LONG,2023-02-23,1,17790.0,17566.9,50,-11154.999999999927,True
2023-03-10,manual_agree,LONG,2023-03-29,19,17489.8,17452.55,50,-1862.5,True
2023-03-13,manual_agree,LONG,2023-03-29,16,17460.0,17205.8,50,-12710.000000000036,True
2023-03-17,manual_agree,SHORT,2023-03-29,12,17165.0,17178.15,50,-657.5000000000728,True
2023-03-20,manual_agree,LONG,2023-03-29,9,17099.8,17028.9,50,-3544.999999999891,True
2023-03-21,manual_agree,SHORT,2023-03-29,8,17090.0,17160.15,50,-3507.5000000000728,True
2023-04-28,manual_agree,SHORT,2023-05-25,27,18030.25,18111.15,50,-4045.0000000000728,True
2023-05-08,manual_agree,SHORT,2023-05-25,17,18160.0,18310.4,50,-7520.000000000073,False
2023-08-03,manual_agree,LONG,2023-08-31,28,19540.0,19468.15,50,-3592.4999999999272,False
2023-09-22,manual_agree,LONG,2023-09-28,6,19750.85,19708.25,50,-2129.9999999999272,True
2023-10-04,manual_agree,LONG,2023-10-26,22,19474.1,19469.25,50,-242.49999999992724,False
2023-10-17,manual_agree,SHORT,2023-10-26,9,19834.0,19811.1,50,1145.0000000000728,True
2023-10-20,manual_agree,LONG,2023-10-26,6,19549.6,19527.85,50,-1087.5,False
2024-04-15,manual_agree,LONG,2024-04-25,10,22420.0,22357.3,25,-1567.5000000000182,True
2024-04-16,manual_agree,LONG,2024-04-25,9,22176.55,22200.75,25,605.0000000000182,True
2024-05-30,manual_agree,LONG,2024-06-27,28,22827.65,22627.35,25,-5007.500000000073,False
2024-06-03,manual_agree,SHORT,2024-06-27,24,23501.65,23407.9,25,2343.75,True
2024-07-19,manual_agree,LONG,2024-07-25,6,24761.0,24529.1,25,-5797.500000000036,True
2024-08-02,manual_agree,LONG,2024-08-29,27,24824.95,24711.55,25,-2835.0000000000364,True
2024-08-05,manual_agree,LONG,2024-08-29,24,24550.0,24102.95,25,-11176.249999999982,True
2024-08-07,manual_agree,SHORT,2024-08-29,22,24310.2,24366.45,25,-1406.25,True
2024-08-26,manual_agree,SHORT,2024-08-29,3,24901.65,25043.3,25,-3541.2499999999454,False
2024-09-10,manual_agree,SHORT,2024-09-26,16,25034.0,25083.0,25,-1225.0,True
2024-09-12,manual_agree,SHORT,2024-09-26,14,25060.0,25356.3,25,-7407.499999999982,True
2024-09-20,manual_agree,SHORT,2024-09-26,6,25552.2,25767.75,25,-5388.749999999982,False
2024-10-04,manual_agree,LONG,2024-10-31,27,25400.0,25173.85,25,-5653.750000000036,True
2024-11-06,manual_agree,SHORT,2024-11-28,22,24367.0,24587.1,25,-5502.499999999964,True
2024-11-25,manual_agree,SHORT,2024-11-28,3,24268.0,24273.5,25,-137.5,True
2024-12-19,manual_agree,LONG,2024-12-26,7,24100.0,24018.8,25,-2030.0000000000182,True
2025-01-13,manual_agree,LONG,2025-01-30,17,23400.0,23162.1,25,-5947.500000000036,True
2025-01-16,manual_agree,SHORT,2025-01-30,14,23406.0,23377.55,25,711.2500000000182,False
2025-01-29,manual_agree,SHORT,2025-01-30,1,23034.0,23148.25,25,-2856.25,False
2025-02-05,manual_agree,SHORT,2025-02-27,22,23825.0,23772.6,25,1310.0000000000364,True
2025-02-24,manual_agree,LONG,2025-02-27,3,22674.7,22612.65,25,-1551.2499999999818,False
2025-02-28,manual_agree,LONG,2025-03-27,27,22532.4,22280.05,25,-6308.750000000055,True
2025-03-06,manual_agree,SHORT,2025-03-27,21,22541.0,22620.95,25,-1998.7500000000182,False
2025-03-17,manual_agree,SHORT,2025-03-27,10,22510.2,22584.3,25,-1852.4999999999636,False
2025-03-20,manual_agree,SHORT,2025-03-27,7,23069.9,23200.25,25,-3258.7499999999636,True
2025-04-04,manual_agree,LONG,2025-04-24,20,23229.7,22958.15,25,-6788.749999999982,False
2025-04-09,manual_agree,LONG,2025-04-24,15,22544.0,22479.65,25,-1608.7499999999636,True
2025-04-15,manual_agree,SHORT,2025-04-24,9,23295.0,23340.9,25,-1147.5000000000364,True
2025-04-21,manual_agree,SHORT,2025-04-24,3,23875.9,24135.5,25,-6489.999999999964,False
2025-04-23,manual_agree,SHORT,2025-04-24,1,24310.0,24312.7,25,-67.50000000001819,False
2025-04-28,manual_agree,SHORT,2025-05-29,31,24200.2,24452.8,25,-6314.999999999964,True
2025-05-05,manual_agree,SHORT,2025-05-29,24,24481.1,24553.7,25,-1815.0000000000546,True
2025-05-22,manual_agree,LONG,2025-05-29,7,24778.0,24652.2,25,-3144.999999999982,False
2025-06-09,manual_agree,SHORT,2025-06-26,17,25205.0,25181.8,25,580.0000000000182,False
2025-06-25,manual_agree,SHORT,2025-06-26,1,25152.1,25252.2,25,-2502.5000000000546,True
2022-04-06,manual_disagree,SHORT,2022-04-28,22,17897.0,17867.45,50,1477.4999999999636,True
2022-05-04,manual_disagree,LONG,2022-05-26,22,17115.1,16702.5,50,-20629.999999999927,True
2022-05-11,manual_disagree,SHORT,2022-05-26,15,16256.7,16177.95,50,3937.5,False
2022-06-20,manual_disagree,SHORT,2022-06-30,10,15340.0,15347.65,50,-382.4999999999818,True
2022-09-21,manual_disagree,SHORT,2022-09-29,8,17776.35,17731.45,50,2244.999999999891,True
2022-09-30,manual_disagree,SHORT,2022-10-27,27,16815.0,17103.2,50,-14410.000000000036,True
2023-01-11,manual_disagree,LONG,2023-01-25,14,18000.0,17962.95,50,-1852.4999999999636,True
2023-03-15,manual_disagree,LONG,2023-03-29,14,17224.95,17037.35,50,-9380.00000000011,True
2023-04-26,manual_disagree,LONG,2023-04-27,1,17754.9,17814.9,50,3000.0,True
2023-10-25,manual_disagree,LONG,2023-10-26,1,19306.0,19128.0,50,-8900.0,True
2023-11-01,manual_disagree,LONG,2023-11-30,29,19144.05,19060.25,50,-4189.999999999964,True
2024-02-14,manual_disagree,LONG,2024-02-29,15,21675.0,21916.85,25,6046.249999999964,True
2024-04-05,manual_disagree,LONG,2024-04-25,20,22570.0,22595.5,25,637.5,True
2024-08-29,manual_disagree,LONG,2024-09-26,28,25150.0,25265.2,25,2880.000000000018,False
2024-09-06,manual_disagree,LONG,2024-09-26,20,25189.8,24906.0,25,-7094.999999999982,True
2024-09-09,manual_disagree,SHORT,2024-09-26,17,24865.35,24985.0,25,-2991.2500000000364,True
2024-10-08,manual_disagree,SHORT,2024-10-31,23,24983.95,25131.65,25,-3692.500000000018,False
2024-12-23,manual_disagree,LONG,2024-12-26,3,23725.05,23769.75,25,1117.5000000000182,False
2025-01-06,manual_disagree,LONG,2025-01-30,24,24145.1,23721.05,25,-10601.249999999982,True
2025-01-28,manual_disagree,SHORT,2025-01-30,2,22948.0,22977.7,25,-742.5000000000182,False
2025-02-06,manual_disagree,LONG,2025-02-27,21,23822.4,23688.9,25,-3337.5,True
2025-03-10,manual_disagree,LONG,2025-03-27,17,22599.9,22515.65,25,-2106.25,True
2025-04-11,manual_disagree,SHORT,2025-04-24,13,22746.0,22917.65,25,-4291.250000000036,True
2025-04-17,manual_disagree,SHORT,2025-04-24,7,23399.9,23851.3,25,-11284.999999999945,True
2025-04-24,manual_disagree,SHORT,2025-05-29,35,24450.0,24373.0,25,1925.0,True
2025-04-25,manual_disagree,LONG,2025-05-29,34,24465.0,24139.1,25,-8147.500000000036,True
2025-05-13,manual_disagree,LONG,2025-05-29,16,24960.0,24640.2,25,-7994.999999999982,False
2025-05-26,manual_disagree,SHORT,2025-05-29,3,24950.0,25035.9,25,-2147.5000000000364,False
2025-05-27,manual_disagree,LONG,2025-05-29,2,25000.0,24862.6,25,-3435.0000000000364,True
2025-06-16,manual_disagree,SHORT,2025-06-26,10,24755.5,24996.2,25,-6017.500000000018,False
2025-06-17,manual_disagree,LONG,2025-06-26,9,24996.1,24868.8,25,-3182.499999999982,False
2025-06-20,manual_disagree,SHORT,2025-06-26,6,24825.0,25111.7,25,-7167.500000000018,True
2025-06-23,manual_disagree,LONG,2025-06-26,3,24975.0,24993.3,25,457.4999999999818,True
