Date,window,strategy,structure,position,lots,pnl,capital_after,iv_direction_correct
2021-07-28,1,data_driven,butterfly,SHORT_FLY,13,9408.749999999978,109408.74999999997,True
2021-09-29,1,data_driven,butterfly,LONG_FLY,29,10766.250000000098,120175.00000000007,False
2021-12-01,1,data_driven,butterfly,SHORT_FLY,3,9809.999999999993,129985.00000000006,True
2021-12-02,1,data_driven,butterfly,LONG_FLY,50,-7687.500000000043,122297.50000000001,True
2021-12-10,1,data_driven,butterfly,LONG_FLY,1,6573.750000000003,128871.25000000001,True
2022-03-02,2,data_driven,butterfly,SHORT_FLY,2,10814.999999999998,139686.25,True
2022-03-03,2,data_driven,butterfly,SHORT_FLY,13,13357.499999999935,153043.74999999994,False
2022-04-06,2,data_driven,butterfly,SHORT_FLY,2,13425.0,166468.74999999994,False
2022-04-27,2,data_driven,butterfly,SHORT_FLY,50,-16250.000000000142,150218.7499999998,True
2022-06-29,2,data_driven,butterfly,SHORT_FLY,50,-3125.0,147093.7499999998,True
2022-07-11,3,data_driven,butterfly,LONG_FLY,2,13360.000000000002,160453.7499999998,True
2022-08-29,3,data_driven,butterfly,SHORT_FLY,5,15024.99999999999,175478.7499999998,True
2022-09-21,3,data_driven,butterfly,LONG_FLY,17,17467.50000000006,192946.24999999985,True
2022-09-26,3,data_driven,butterfly,SHORT_FLY,5,-18837.499999999993,174108.74999999985,True
2022-09-29,3,data_driven,butterfly,SHORT_FLY,5,15349.999999999996,189458.74999999985,False
2022-09-30,3,data_driven,butterfly,LONG_FLY,50,-5500.000000000256,183958.7499999996,True
2022-10-07,3,data_driven,butterfly,LONG_FLY,15,-17399.999999999993,166558.7499999996,True
2022-10-31,3,data_driven,butterfly,SHORT_FLY,50,9499.999999999887,176058.74999999948,False
2023-03-10,4,data_driven,butterfly,SHORT_FLY,44,-17379.999999999825,158678.74999999965,True
2023-03-17,4,data_driven,butterfly,LONG_FLY,18,-15344.999999999984,143333.74999999968,True
2023-03-21,4,data_driven,butterfly,LONG_FLY,50,-5375.0000000000855,137958.7499999996,True
2023-04-26,4,data_driven,butterfly,LONG_FLY,10,13525.00000000002,151483.74999999962,False
2023-04-28,4,data_driven,butterfly,LONG_FLY,50,-12499.999999999964,138983.74999999965,True
2023-05-03,4,data_driven,butterfly,LONG_FLY,50,-4249.999999999901,134733.74999999974,False
2023-08-03,5,data_driven,butterfly,SHORT_FLY,8,13459.99999999998,148193.7499999997,False
2023-08-28,5,data_driven,butterfly,SHORT_FLY,12,13740.000000000004,161933.7499999997,True
2023-09-27,5,data_driven,butterfly,SHORT_FLY,6,-14655.000000000005,147278.7499999997,True
2023-10-04,5,data_driven,butterfly,SHORT_FLY,8,-13399.999999999978,133878.74999999974,False
2023-10-19,5,data_driven,butterfly,SHORT_FLY,50,1125.0000000000427,135003.74999999977,False
2023-10-25,5,data_driven,butterfly,SHORT_FLY,1,14372.500000000002,149376.24999999977,True
2023-10-31,5,data_driven,butterfly,SHORT_FLY,9,13837.5,163213.74999999977,True
2023-11-01,5,data_driven,butterfly,SHORT_FLY,11,-15152.500000000038,148061.24999999974,True
2024-02-15,6,data_driven,butterfly,SHORT_FLY,50,1124.9999999999004,149186.24999999965,False
2024-04-05,6,data_driven,butterfly,SHORT_FLY,28,14559.999999999967,163746.24999999962,True
2024-04-23,6,data_driven,butterfly,SHORT_FLY,13,-15226.249999999989,148519.99999999962,False
2024-05-30,6,data_driven,butterfly,LONG_FLY,50,-2312.500000000028,146207.4999999996,True
2024-07-23,7,data_driven,butterfly,SHORT_FLY,6,-14039.999999999995,132167.4999999996,False
2024-07-25,7,data_driven,butterfly,SHORT_FLY,5,11199.999999999996,143367.4999999996,True
2024-08-02,7,data_driven,butterfly,SHORT_FLY,11,14024.999999999985,157392.4999999996,True
2024-08-07,7,data_driven,butterfly,SHORT_FLY,50,-14562.49999999997,142829.99999999962,False
2024-08-09,7,data_driven,butterfly,SHORT_FLY,11,13585.000000000011,156414.99999999962,False
2024-08-14,7,data_driven,butterfly,SHORT_FLY,12,-15615.000000000004,140799.99999999962,False
2024-08-26,7,data_driven,butterfly,SHORT_FLY,50,12062.500000000113,152862.49999999974,True
2024-08-29,7,data_driven,butterfly,SHORT_FLY,45,15243.750000000076,168106.24999999983,False
2024-09-04,7,data_driven,butterfly,SHORT_FLY,13,-16445.000000000025,151661.2499999998,True
2024-09-06,7,data_driven,butterfly,SHORT_FLY,16,-14679.999999999973,136981.24999999983,True
2024-09-12,7,data_driven,butterfly,SHORT_FLY,18,13364.999999999996,150346.24999999983,False
2024-10-04,7,data_driven,butterfly,SHORT_FLY,9,-14872.500000000031,135473.7499999998,True
2024-10-08,7,data_driven,butterfly,SHORT_FLY,3,10481.25,145954.9999999998,True
2024-11-01,7,data_driven,butterfly,SHORT_FLY,50,-8562.50000000003,137392.49999999977,True
2024-11-06,7,data_driven,butterfly,SHORT_FLY,3,13136.250000000005,150528.74999999977,False
2024-11-25,7,data_driven,butterfly,SHORT_FLY,9,-14940.000000000007,135588.74999999977,False
2024-12-19,7,data_driven,butterfly,SHORT_FLY,7,11908.750000000013,147497.49999999977,True
2024-12-31,7,data_driven,butterfly,SHORT_FLY,50,-687.4999999999432,146809.99999999983,True
2025-01-06,8,data_driven,butterfly,SHORT_FLY,2,10795.000000000007,157604.99999999983,True
2025-01-08,8,data_driven,butterfly,SHORT_FLY,36,-15435.000000000031,142169.9999999998,False
2025-01-16,8,data_driven,butterfly,LONG_FLY,10,-13662.499999999996,128507.4999999998,False
2025-01-28,8,data_driven,butterfly,SHORT_FLY,50,10375.000000000085,138882.49999999988,True
2025-01-29,8,data_driven,butterfly,SHORT_FLY,50,-4312.500000000056,134569.99999999983,True
2025-02-05,8,data_driven,butterfly,LONG_FLY,43,13276.249999999995,147846.24999999983,True
2025-02-06,8,data_driven,butterfly,LONG_FLY,31,-14570.00000000001,133276.24999999983,False
2025-02-24,8,data_driven,butterfly,SHORT_FLY,3,-12922.500000000007,120353.74999999983,False
2025-02-28,8,data_driven,butterfly,SHORT_FLY,4,10959.999999999985,131313.74999999983,True
2025-03-03,8,data_driven,butterfly,LONG_FLY,50,-8999.999999999985,122313.74999999984,True
2025-03-04,8,data_driven,butterfly,SHORT_FLY,12,11730.000000000007,134043.74999999985,False
2025-03-06,8,data_driven,butterfly,SHORT_FLY,12,-13259.999999999989,120783.74999999987,True
2025-03-11,8,data_driven,butterfly,SHORT_FLY,12,12029.999999999989,132813.74999999985,False
2025-03-13,8,data_driven,butterfly,LONG_FLY,50,-6437.499999999972,126376.24999999988,True
2025-03-20,8,data_driven,butterfly,SHORT_FLY,11,12237.5,138613.74999999988,False
2025-03-25,8,data_driven,butterfly,LONG_FLY,35,-13562.499999999976,125051.24999999991,False
2025-04-04,8,data_driven,butterfly,SHORT_FLY,3,11883.749999999998,136934.9999999999,False
2025-04-09,8,data_driven,butterfly,SHORT_FLY,8,-12889.999999999964,124044.99999999994,True
2025-04-28,8,data_driven,butterfly,LONG_FLY,11,-11962.5,112082.49999999994,True
2025-05-13,8,data_driven,butterfly,LONG_FLY,3,-11040.000000000004,101042.49999999994,True
2025-05-22,8,data_driven,butterfly,SHORT_FLY,7,9957.499999999996,110999.99999999994,False
2025-05-26,8,data_driven,butterfly,LONG_FLY,21,10893.75,121893.74999999994,False
2025-05-27,8,data_driven,butterfly,LONG_FLY,50,-10937.5,110956.24999999994,False
2025-05-28,8,data_driven,butterfly,LONG_FLY,50,9875.000000000042,120831.24999999999,True
2025-06-09,8,data_driven,butterfly,SHORT_FLY,3,-12018.75,108812.49999999999,True
2025-06-17,8,data_driven,butterfly,LONG_FLY,13,10546.249999999996,119358.74999999999,True
2025-06-18,8,data_driven,butterfly,LONG_FLY,29,-11708.750000000025,107649.99999999996,False
2025-06-19,8,data_driven,butterfly,LONG_FLY,39,10529.9999999999,118179.99999999985,True
2025-06-20,8,data_driven,butterfly,SHORT_FLY,50,-3937.5000000000427,114242.49999999981,False
2025-06-23,8,data_driven,butterfly,LONG_FLY,42,-11287.49999999994,102954.99999999987,False
2025-06-25,8,data_driven,butterfly,LONG_FLY,5,-8787.500000000002,94167.49999999987,True
2021-09-29,1,manual_agree,butterfly,SHORT_FLY,50,3937.5000000002556,103937.50000000026,True
2021-12-01,1,manual_agree,butterfly,SHORT_FLY,3,9809.999999999993,113747.50000000026,True
2022-03-02,2,manual_agree,butterfly,SHORT_FLY,2,10814.999999999998,124562.50000000026,True
2022-04-27,2,manual_agree,butterfly,SHORT_FLY,38,-12350.000000000107,112212.50000000016,True
2022-07-11,3,manual_agree,butterfly,LONG_FLY,1,6680.000000000001,118892.50000000016,True
2022-08-29,3,manual_agree,butterfly,SHORT_FLY,3,9014.999999999995,127907.50000000016,True
2022-09-26,3,manual_agree,butterfly,SHORT_FLY,3,-11302.499999999995,116605.00000000016,True
2023-03-10,4,manual_agree,butterfly,SHORT_FLY,29,-11454.999999999885,105150.00000000028,True
2023-03-17,4,manual_agree,butterfly,LONG_FLY,12,-10229.999999999989,94920.00000000029,True
2023-03-21,4,manual_agree,butterfly,LONG_FLY,50,-5375.0000000000855,89545.0000000002,True
2023-04-28,4,manual_agree,butterfly,LONG_FLY,35,-8749.999999999975,80795.00000000023,True
2023-08-03,5,manual_agree,butterfly,SHORT_FLY,4,6729.99999999999,87525.00000000022,False
2023-10-04,5,manual_agree,butterfly,SHORT_FLY,5,-8374.999999999985,79150.00000000023,False
2024-05-30,6,manual_agree,butterfly,SHORT_FLY,16,-7519.999999999936,71630.00000000029,False
2024-08-02,7,manual_agree,butterfly,SHORT_FLY,5,6374.999999999993,78005.00000000029,True
2024-08-07,7,manual_agree,butterfly,LONG_FLY,24,-7709.99999999998,70295.0000000003,True
2024-08-26,7,manual_agree,butterfly,LONG_FLY,50,5000.0000000000355,75295.00000000033,False
2024-09-12,7,manual_agree,butterfly,LONG_FLY,1,-7788.749999999999,67506.25000000033,True
2024-09-20,7,manual_agree,butterfly,LONG_FLY,1,13650.0,81156.25000000033,False
2024-10-04,7,manual_agree,butterfly,SHORT_FLY,4,-6610.000000000014,74546.25000000032,True
2024-11-25,7,manual_agree,butterfly,LONG_FLY,7,-6947.499999999993,67598.75000000032,True
2024-12-19,7,manual_agree,butterfly,SHORT_FLY,3,5103.7500000000055,72702.50000000032,True
2025-01-16,8,manual_agree,butterfly,LONG_FLY,5,-6831.249999999998,65871.25000000032,False
2025-01-29,8,manual_agree,butterfly,LONG_FLY,11,-6283.750000000006,59587.50000000031,False
2025-02-05,8,manual_agree,butterfly,LONG_FLY,19,5866.249999999998,65453.75000000031,True
2025-02-24,8,manual_agree,butterfly,SHORT_FLY,1,-4307.500000000003,61146.25000000031,False
2025-02-28,8,manual_agree,butterfly,SHORT_FLY,2,5479.999999999993,66626.2500000003,True
2025-03-06,8,manual_agree,butterfly,LONG_FLY,3,6570.000000000004,73196.2500000003,False
2025-04-04,8,manual_agree,butterfly,SHORT_FLY,1,3961.2499999999995,77157.5000000003,False
2025-04-09,8,manual_agree,butterfly,SHORT_FLY,4,-6444.999999999982,70712.50000000032,True
2025-04-28,8,manual_agree,butterfly,LONG_FLY,6,-6525.0,64187.50000000032,True
2025-05-22,8,manual_agree,butterfly,SHORT_FLY,4,5689.999999999998,69877.50000000032,False
2025-06-09,8,manual_agree,butterfly,LONG_FLY,1,-6687.499999999998,63190.00000000032,False
2025-06-25,8,manual_agree,butterfly,LONG_FLY,3,-5272.500000000001,57917.50000000032,True
2021-07-28,1,data_driven,calendar,LONG_CALENDAR,4,9104.999999999998,109105.0,True
2021-09-29,1,data_driven,calendar,SHORT_CALENDAR,50,-5812.499999999829,103292.50000000017,False
2021-12-01,1,data_driven,calendar,LONG_CALENDAR,4,8894.999999999998,112187.50000000017,True
2021-12-02,1,data_driven,calendar,SHORT_CALENDAR,3,-8696.249999999995,103491.25000000017,True
2021-12-10,1,data_driven,calendar,SHORT_CALENDAR,20,-10199.999999999975,93291.2500000002,True
2022-02-16,2,data_driven,calendar,LONG_CALENDAR,9,-9247.499999999985,84043.75000000022,True
2022-03-02,2,data_driven,calendar,LONG_CALENDAR,1,4727.500000000001,88771.25000000022,True
2022-03-03,2,data_driven,calendar,LONG_CALENDAR,3,8242.499999999989,97013.7500000002,False
2022-03-10,2,data_driven,calendar,SHORT_CALENDAR,50,-6375.000000000028,90638.75000000017,True
2022-03-16,2,data_driven,calendar,LONG_CALENDAR,2,-6174.999999999997,84463.75000000017,True
2022-04-06,2,data_driven,calendar,LONG_CALENDAR,2,5860.000000000002,90323.75000000017,False
2022-04-27,2,data_driven,calendar,LONG_CALENDAR,5,8262.499999999989,98586.25000000016,True
2022-05-11,2,data_driven,calendar,LONG_CALENDAR,3,-9082.500000000002,89503.75000000016,True
2022-06-29,2,data_driven,calendar,LONG_CALENDAR,3,6922.500000000002,96426.25000000016,True
2022-07-11,3,data_driven,calendar,SHORT_CALENDAR,7,8680.000000000004,105106.25000000016,True
2022-08-29,3,data_driven,calendar,LONG_CALENDAR,2,7104.999999999998,112211.25000000016,True
2022-09-14,3,data_driven,calendar,LONG_CALENDAR,7,10464.999999999993,122676.25000000015,True
2022-09-21,3,data_driven,calendar,SHORT_CALENDAR,9,12037.500000000013,134713.75000000015,True
2022-09-26,3,data_driven,calendar,LONG_CALENDAR,16,13240.000000000033,147953.75000000017,True
2022-09-29,3,data_driven,calendar,LONG_CALENDAR,50,2250.000000000014,150203.75000000017,False
2022-09-30,3,data_driven,calendar,SHORT_CALENDAR,17,-14280.000000000058,135923.75000000012,True
2022-10-07,3,data_driven,calendar,SHORT_CALENDAR,18,-13185.000000000004,122738.75000000012,True
2022-10-31,3,data_driven,calendar,LONG_CALENDAR,47,12102.500000000013,134841.25000000012,False
2022-12-07,3,data_driven,calendar,SHORT_CALENDAR,17,13217.499999999998,148058.75000000012,False
2023-01-11,4,data_driven,calendar,LONG_CALENDAR,6,12765.0,160823.75000000012,True
2023-02-15,4,data_driven,calendar,SHORT_CALENDAR,16,-15479.999999999996,145343.75000000012,True
2023-03-10,4,data_driven,calendar,LONG_CALENDAR,7,12985.000000000018,158328.75000000015,True
2023-03-17,4,data_driven,calendar,SHORT_CALENDAR,15,-15562.499999999989,142766.25000000015,True
2023-03-20,4,data_driven,calendar,LONG_CALENDAR,4,12680.000000000004,155446.25000000015,True
2023-03-21,4,data_driven,calendar,SHORT_CALENDAR,18,15119.999999999984,170566.25000000012,True
2023-04-26,4,data_driven,calendar,SHORT_CALENDAR,22,16665.00000000002,187231.25000000015,False
2023-04-28,4,data_driven,calendar,SHORT_CALENDAR,24,-18240.000000000004,168991.25000000015,True
2023-05-03,4,data_driven,calendar,SHORT_CALENDAR,33,16747.50000000001,185738.75000000015,False
2023-05-05,4,data_driven,calendar,SHORT_CALENDAR,50,-6874.999999999946,178863.7500000002,False
2023-08-03,5,data_driven,calendar,LONG_CALENDAR,50,13124.999999999929,191988.75000000015,False
2023-08-28,5,data_driven,calendar,LONG_CALENDAR,47,19152.499999999978,211141.25000000012,True
2023-09-22,5,data_driven,calendar,LONG_CALENDAR,7,18899.999999999993,230041.25000000012,True
2023-09-27,5,data_driven,calendar,LONG_CALENDAR,18,21914.999999999985,251956.25000000012,True
2023-10-04,5,data_driven,calendar,LONG_CALENDAR,29,-24722.499999999975,227233.75000000015,False
2023-10-16,5,data_driven,calendar,LONG_CALENDAR,50,-7999.999999999972,219233.75000000017,True
2023-10-17,5,data_driven,calendar,SHORT_CALENDAR,50,18125.00000000002,237358.7500000002,True
2023-10-19,5,data_driven,calendar,LONG_CALENDAR,13,22099.999999999993,259458.7500000002,False
2023-10-20,5,data_driven,calendar,LONG_CALENDAR,21,25619.99999999999,285078.7500000002,False
2023-10-25,5,data_driven,calendar,LONG_CALENDAR,3,22635.000000000007,307713.7500000002,True
2023-10-31,5,data_driven,calendar,LONG_CALENDAR,50,16750.000000000044,324463.75000000023,True
2023-11-01,5,data_driven,calendar,LONG_CALENDAR,25,31499.99999999999,355963.75000000023,True
2024-02-15,6,data_driven,calendar,LONG_CALENDAR,50,33499.99999999998,389463.75000000023,False
2024-04-05,6,data_driven,calendar,LONG_CALENDAR,32,38600.0,428063.75000000023,True
2024-04-15,6,data_driven,calendar,SHORT_CALENDAR,50,24062.499999999993,452126.25000000023,False
2024-04-23,6,data_driven,calendar,LONG_CALENDAR,50,34000.00000000002,486126.25000000023,False
2024-05-30,6,data_driven,calendar,SHORT_CALENDAR,50,-874.9999999999858,485251.25000000023,True
2024-07-19,7,data_driven,calendar,LONG_CALENDAR,10,47487.5,532738.7500000002,True
2024-07-23,7,data_driven,calendar,LONG_CALENDAR,50,25749.999999999993,558488.7500000002,False
2024-07-25,7,data_driven,calendar,LONG_CALENDAR,50,23875.00000000001,582363.7500000002,True
2024-08-02,7,data_driven,calendar,LONG_CALENDAR,50,-22250.000000000015,560113.7500000002,True
2024-08-05,7,data_driven,calendar,LONG_CALENDAR,45,54899.99999999995,615013.7500000002,True
2024-08-06,7,data_driven,calendar,LONG_CALENDAR,50,-52875.00000000009,562138.7500000001,False
2024-08-07,7,data_driven,calendar,LONG_CALENDAR,50,9187.500000000011,571326.2500000001,False
2024-08-09,7,data_driven,calendar,LONG_CALENDAR,50,10312.5,581638.7500000001,False
2024-08-12,7,data_driven,calendar,LONG_CALENDAR,50,13250.00000000003,594888.7500000001,False
2024-08-14,7,data_driven,calendar,LONG_CALENDAR,50,14499.999999999995,609388.7500000001,False
2024-08-26,7,data_driven,calendar,LONG_CALENDAR,50,42000.000000000044,651388.7500000001,True
2024-08-29,7,data_driven,calendar,LONG_CALENDAR,50,10812.500000000042,662201.2500000001,False
2024-09-04,7,data_driven,calendar,LONG_CALENDAR,50,15312.499999999984,677513.7500000001,True
2024-09-06,7,data_driven,calendar,LONG_CALENDAR,21,67488.75000000001,745002.5000000001,True
2024-09-09,7,data_driven,calendar,LONG_CALENDAR,50,13062.500000000004,758065.0000000001,False
2024-09-12,7,data_driven,calendar,LONG_CALENDAR,39,74002.50000000001,832067.5000000001,False
2024-09-20,7,data_driven,calendar,LONG_CALENDAR,50,81374.99999999999,913442.5000000001,True
2024-10-04,7,data_driven,calendar,LONG_CALENDAR,50,-13187.500000000085,900255.0,True
2024-10-08,7,data_driven,calendar,LONG_CALENDAR,50,71999.99999999999,972255.0,True
2024-11-01,7,data_driven,calendar,LONG_CALENDAR,50,12187.5,984442.5,True
2024-11-06,7,data_driven,calendar,LONG_CALENDAR,39,98280.00000000003,1082722.5,False
2024-11-25,7,data_driven,calendar,LONG_CALENDAR,50,-67437.49999999999,1015285.0,False
2024-12-19,7,data_driven,calendar,LONG_CALENDAR,50,-69874.99999999997,945410.0,True
2024-12-31,7,data_driven,calendar,LONG_CALENDAR,50,6312.500000000015,951722.5,True
2025-01-06,8,data_driven,calendar,LONG_CALENDAR,17,94775.00000000001,1046497.5,True
2025-01-08,8,data_driven,calendar,LONG_CALENDAR,50,61875.0,1108372.5,False
2025-01-16,8,data_driven,calendar,SHORT_CALENDAR,50,-25124.999999999993,1083247.5,False
2025-01-28,8,data_driven,calendar,LONG_CALENDAR,50,10437.499999999993,1093685.0,True
2025-01-29,8,data_driven,calendar,LONG_CALENDAR,50,2749.999999999986,1096435.0,True
2025-02-05,8,data_driven,calendar,SHORT_CALENDAR,50,-21312.500000000015,1075122.5,True
2025-02-06,8,data_driven,calendar,SHORT_CALENDAR,50,-4312.500000000021,1070810.0,False
2025-02-24,8,data_driven,calendar,LONG_CALENDAR,50,7624.999999999957,1078435.0,False
2025-02-28,8,data_driven,calendar,LONG_CALENDAR,50,84562.4999999999,1162997.5,True
2025-03-03,8,data_driven,calendar,SHORT_CALENDAR,50,-15687.499999999978,1147310.0,True
2025-03-04,8,data_driven,calendar,LONG_CALENDAR,50,36562.499999999985,1183872.5,False
2025-03-06,8,data_driven,calendar,LONG_CALENDAR,50,28750.00000000002,1212622.5,True
2025-03-11,8,data_driven,calendar,LONG_CALENDAR,50,45062.49999999999,1257685.0,False
2025-03-13,8,data_driven,calendar,SHORT_CALENDAR,50,999.9999999999965,1258685.0,True
2025-03-17,8,data_driven,calendar,SHORT_CALENDAR,50,-56500.00000000002,1202185.0,False
2025-03-20,8,data_driven,calendar,LONG_CALENDAR,50,-2875.000000000014,1199310.0,False
2025-03-25,8,data_driven,calendar,SHORT_CALENDAR,50,-52749.999999999985,1146560.0,False
2025-04-04,8,data_driven,calendar,LONG_CALENDAR,22,109697.5,1256257.5,False
2025-04-09,8,data_driven,calendar,LONG_CALENDAR,50,27625.000000000102,1283882.5,True
2025-04-17,8,data_driven,calendar,LONG_CALENDAR,50,-42187.5,1241695.0,False
2025-04-21,8,data_driven,calendar,SHORT_CALENDAR,26,-121615.0,1120080.0,False
2025-04-22,8,data_driven,calendar,SHORT_CALENDAR,50,29625.000000000007,1149705.0,False
2025-04-28,8,data_driven,calendar,SHORT_CALENDAR,44,-113739.99999999999,1035965.0,True
2025-05-05,8,data_driven,calendar,SHORT_CALENDAR,50,-65187.500000000015,970777.5,True
2025-05-13,8,data_driven,calendar,SHORT_CALENDAR,50,-28562.50000000003,942215.0,True
2025-05-22,8,data_driven,calendar,LONG_CALENDAR,35,94150.0,1036365.0,False
2025-05-26,8,data_driven,calendar,SHORT_CALENDAR,50,-17937.50000000003,1018427.5,False
2025-05-27,8,data_driven,calendar,SHORT_CALENDAR,50,28437.5,1046865.0,False
2025-05-28,8,data_driven,calendar,SHORT_CALENDAR,50,-36062.49999999999,1010802.5,True
2025-06-09,8,data_driven,calendar,LONG_CALENDAR,50,-89499.99999999999,921302.5,True
2025-06-16,8,data_driven,calendar,LONG_CALENDAR,50,-58125.0,863177.5,True
2025-06-17,8,data_driven,calendar,SHORT_CALENDAR,50,44062.5,907240.0,True
2025-06-18,8,data_driven,calendar,SHORT_CALENDAR,50,-51562.50000000004,855677.5,False
2025-06-19,8,data_driven,calendar,SHORT_CALENDAR,50,-18687.500000000022,836990.0,True
2025-06-20,8,data_driven,calendar,LONG_CALENDAR,50,749.9999999999574,837740.0,False
2025-06-23,8,data_driven,calendar,SHORT_CALENDAR,50,-4874.999999999936,832865.0000000001,False
2025-06-25,8,data_driven,calendar,SHORT_CALENDAR,50,-77375.00000000001,755490.0000000001,True
2021-09-29,1,manual_agree,calendar,LONG_CALENDAR,3,8133.750000000004,108133.75,True
2021-12-01,1,manual_agree,calendar,LONG_CALENDAR,4,8894.999999999998,117028.75,True
2022-03-02,2,manual_agree,calendar,LONG_CALENDAR,2,9455.000000000002,126483.75,True
2022-03-10,2,manual_agree,calendar,SHORT_CALENDAR,50,-6375.000000000028,120108.74999999997,True
2022-04-27,2,manual_agree,calendar,LONG_CALENDAR,7,11567.499999999984,131676.24999999994,True
2022-07-11,3,manual_agree,calendar,SHORT_CALENDAR,10,12400.000000000004,144076.24999999994,True
2022-08-29,3,manual_agree,calendar,LONG_CALENDAR,4,14209.999999999996,158286.24999999994,True
2022-09-14,3,manual_agree,calendar,LONG_CALENDAR,10,14949.999999999989,173236.24999999994,True
2022-09-26,3,manual_agree,calendar,LONG_CALENDAR,20,16550.00000000004,189786.24999999997,True
2022-10-31,3,manual_agree,calendar,SHORT_CALENDAR,15,-17849.999999999996,171936.24999999997,True
2022-12-07,3,manual_agree,calendar,LONG_CALENDAR,6,15165.0,187101.24999999997,True
2023-02-15,4,manual_agree,calendar,SHORT_CALENDAR,19,-18382.499999999996,168718.74999999997,True
2023-03-10,4,manual_agree,calendar,LONG_CALENDAR,9,16695.000000000022,185413.75,True
2023-03-17,4,manual_agree,calendar,SHORT_CALENDAR,17,-17637.49999999999,167776.25,True
2023-03-20,4,manual_agree,calendar,LONG_CALENDAR,5,15850.000000000004,183626.25,True
2023-03-21,4,manual_agree,calendar,SHORT_CALENDAR,21,17639.99999999998,201266.24999999997,True
2023-04-28,4,manual_agree,calendar,SHORT_CALENDAR,26,-19760.000000000004,181506.24999999997,True
2023-08-03,5,manual_agree,calendar,LONG_CALENDAR,50,13124.999999999929,194631.2499999999,False
2023-09-22,5,manual_agree,calendar,LONG_CALENDAR,7,18899.999999999993,213531.2499999999,True
2023-10-04,5,manual_agree,calendar,LONG_CALENDAR,25,-21312.499999999978,192218.74999999994,False
2023-10-17,5,manual_agree,calendar,SHORT_CALENDAR,50,18125.00000000002,210343.74999999997,True
2023-10-20,5,manual_agree,calendar,LONG_CALENDAR,17,20739.999999999993,231083.74999999997,False
2024-04-16,6,manual_agree,calendar,LONG_CALENDAR,9,22803.749999999996,253887.49999999997,True
2024-05-30,6,manual_agree,calendar,LONG_CALENDAR,35,25156.250000000047,279043.75,False
2024-07-19,7,manual_agree,calendar,LONG_CALENDAR,5,23743.75,302787.5,True
2024-08-02,7,manual_agree,calendar,LONG_CALENDAR,50,-22250.000000000015,280537.5,True
2024-08-05,7,manual_agree,calendar,LONG_CALENDAR,22,26839.999999999975,307377.5,True
2024-08-07,7,manual_agree,calendar,SHORT_CALENDAR,41,-30186.24999999997,277191.25,True
2024-08-26,7,manual_agree,calendar,SHORT_CALENDAR,50,-21937.499999999978,255253.75000000003,False
2024-09-10,7,manual_agree,calendar,SHORT_CALENDAR,50,-13375.000000000004,241878.75000000003,True
2024-09-12,7,manual_agree,calendar,SHORT_CALENDAR,4,-23264.999999999996,218613.75000000003,True
2024-09-20,7,manual_agree,calendar,SHORT_CALENDAR,5,20056.250000000004,238670.00000000003,False
2024-10-04,7,manual_agree,calendar,LONG_CALENDAR,50,-13187.500000000085,225482.49999999994,True
2024-11-06,7,manual_agree,calendar,SHORT_CALENDAR,5,-18806.250000000004,206676.24999999994,True
2024-11-25,7,manual_agree,calendar,SHORT_CALENDAR,10,-19012.5,187663.74999999994,True
2024-12-19,7,manual_agree,calendar,LONG_CALENDAR,13,-18167.499999999993,169496.24999999994,True
2025-01-16,8,manual_agree,calendar,SHORT_CALENDAR,33,-16582.499999999996,152913.74999999994,False
2025-01-29,8,manual_agree,calendar,SHORT_CALENDAR,41,-15272.500000000005,137641.24999999994,False
2025-02-05,8,manual_agree,calendar,SHORT_CALENDAR,32,-13640.00000000001,124001.24999999993,True
2025-02-24,8,manual_agree,calendar,LONG_CALENDAR,50,7624.999999999957,131626.24999999988,False
2025-02-28,8,manual_agree,calendar,LONG_CALENDAR,7,11838.749999999985,143464.99999999988,True
2025-03-06,8,manual_agree,calendar,SHORT_CALENDAR,36,14130.00000000004,157594.9999999999,False
2025-03-17,8,manual_agree,calendar,SHORT_CALENDAR,13,-14690.000000000005,142904.9999999999,False
2025-03-20,8,manual_agree,calendar,SHORT_CALENDAR,7,-12705.000000000004,130199.99999999991,True
2025-04-04,8,manual_agree,calendar,LONG_CALENDAR,2,9972.5,140172.4999999999,False
2025-04-09,8,manual_agree,calendar,LONG_CALENDAR,25,13812.500000000051,153984.99999999997,True
2025-04-21,8,manual_agree,calendar,SHORT_CALENDAR,3,-14032.5,139952.49999999997,False
2025-04-28,8,manual_agree,calendar,SHORT_CALENDAR,5,-12924.999999999998,127027.49999999997,True
2025-05-05,8,manual_agree,calendar,SHORT_CALENDAR,9,-11733.750000000002,115293.74999999997,True
2025-05-22,8,manual_agree,calendar,LONG_CALENDAR,4,10760.0,126053.74999999997,False
2025-06-09,8,manual_agree,calendar,SHORT_CALENDAR,23,-12419.999999999978,113633.75,False
2025-06-25,8,manual_agree,calendar,SHORT_CALENDAR,7,-10832.500000000002,102801.25,True
